[
    {
        "title": "LUUCA Tanjung Pinang",
        "street": "Jl. Arah Tj. Uban - Tj. Pinang Ruko No.16",
        "city": "Kota Tanjung Pinang",
        "state": "Kepulauan Riau"
    },
    {
        "title": "Luuca LRT Dukuh Atas",
        "street": "QRWG+36F, Dukuh Atas",
        "city": "Kota Jakarta Selatan",
        "state": "Daerah Khusus Ibukota Jakarta"
    },
    {
        "title": "Luuca MOG Malang",
        "street": "MR DIY, MOG Malang, Lt 3 unit EFF depan",
        "city": "Kota Malang",
        "state": "Jawa Timur"
    },
    {
        "title": "Luuca Indonesia",
        "street": "Jl. Putri Dara Nante No.18A",
        "city": "Kota Pontianak",
        "state": "Kalimantan Barat"
    },
    {
        "title": "Luuca Ice Cream Suncity Mall Sidoarjo",
        "street": "HP26+8J3, Jl. Pahlawan",
        "city": "Kabupaten Sidoarjo",
        "state": "Jawa Timur"
    },
    {
        "title": "Luuca Harapan Indah",
        "street": "RX7M+82F, Jl. Boulevard Hijau Raya, RT.006/RW.030",
        "city": "Kota Bks",
        "state": "Jawa Barat"
    },
    {
        "title": "Luuca Sutami",
        "street": "Jl. Prof. Dr. Sutami No.33",
        "city": "Kota Bandung",
        "state": "Jawa Barat"
    },
    {
        "title": "Luuca, Grand Galaxy City",
        "street": "Jl. Boulevard Raya No.23, RT.007/RW.017",
        "city": "Kota Bks",
        "state": "Jawa Barat"
    },
    {
        "title": "Luuca Sunrise Mall",
        "street": "Sunrise Mall, Jl. Benteng Pancasila No.9 lantai 2",
        "city": "Kota Mojokerto",
        "state": "Jawa Timur"
    },
    {
        "title": "Luuca Kota Kasablanka",
        "street": "QRGV+93R, Jl. Raya Casablanca, RT.14/RW.5",
        "city": "Kota Jakarta Selatan",
        "state": "Daerah Khusus Ibukota Jakarta"
    },
    {
        "title": "Luuca Bintaro Xchange Mall 2",
        "street": "Jl. Lkr. Jaya No.12",
        "city": "Kota Tangerang Selatan",
        "state": "Banten"
    },
    {
        "title": "Luuca Martadinata",
        "street": "Jl. Re.Martadinata",
        "city": "Kota Pontianak",
        "state": "Kalimantan Barat"
    },
    {
        "title": "LUUCA",
        "street": "Komplek Java Square, Jl. Uray Bawadi NO. 4",
        "city": "Kota Pontianak",
        "state": "Kalimantan Barat"
    },
    {
        "title": "Luuca BSD Serpong",
        "street": "BA No.20",
        "city": "Kota Tangerang Selatan",
        "state": "Banten"
    },
    {
        "title": "Luuca Gading Serpong",
        "street": "Ruko Maggiore Paramount Land. 53 A",
        "city": "Kabupaten Tangerang",
        "state": "Banten"
    },
    {
        "title": "Luuca Tanjung Pura",
        "street": "Jl. Tanjung Pura No.238",
        "city": "Kota Pontianak",
        "state": "Kalimantan Barat"
    },
    {
        "title": "Luuca Bandung",
        "street": "Jl. Mekar Utama No.43",
        "city": "Kota Bandung",
        "state": "Jawa Barat"
    },
    {
        "title": "LUUCA Pondok Kelapa",
        "street": "Jl. Pd. Kelapa Raya L9 No.4A, RT.4/RW.9",
        "city": "Kota Jakarta Timur",
        "state": "Daerah Khusus Ibukota Jakarta"
    },
    {
        "title": "Luuca Pakuwon City",
        "street": "Jalan Kejawan Putih Mutiara Ruko Patos FR1-7 Pakuwon City Sukolilo",
        "city": "Surabaya",
        "state": "Jawa Timur"
    },
    {
        "title": "Luuca Kemanggisan",
        "street": "START UP!, Jl. Kyai H. Taisir No.3 No.11 NO 88G, RT.3/RW.11",
        "city": "Kota Jakarta Barat",
        "state": "Daerah Khusus Ibukota Jakarta"
    },
    {
        "title": "Luuca Mal Taman Anggrek",
        "street": "Jl. Letjen S. Parman No.Kav 21, RT.12/RW.1",
        "city": "Kota Jakarta Barat",
        "state": "Daerah Khusus Ibukota Jakarta"
    },
    {
        "title": "Luuca Parung Panjang",
        "street": "JHX9+F9Q, Jl. Sentraland Blvd",
        "city": "Kabupaten Bogor",
        "state": "Jawa Barat"
    },
    {
        "title": "Luuca Green Lake Jakarta",
        "street": "Jl. Green Lake City Boulevard No.RGLE - 06",
        "city": "Kota Jakarta Barat",
        "state": "Daerah Khusus Ibukota Jakarta"
    },
    {
        "title": "Luuca Graha Raya",
        "street": "Jl. Kby. Utama No.19 Blok G1, RT.2/RW.9",
        "city": "Kota Tangerang Selatan",
        "state": "Banten"
    },
    {
        "title": "Luuca Poris",
        "street": "RMGP+5MV, CipondohJl. Poris, RT.IndahRT.001/RW.4",
        "city": "Kota Tangerang",
        "state": "Banten"
    },
    {
        "title": "Luuca Tunjungan Plaza 1 LG",
        "street": "Tunjungan Plaza",
        "city": "Surabaya",
        "state": "Jawa Timur"
    },
    {
        "title": "Luuca Plaza Surabaya",
        "street": "No.34 Lt, Plaza Surabaya, Jl. Pemuda No.2",
        "city": "Surabaya",
        "state": "Jawa Timur"
    },
    {
        "title": "Luuca Pamulang",
        "street": "Jl. Pamulang Permai No.1",
        "city": "Kota Tangerang Selatan",
        "state": "Banten"
    },
    {
        "title": "Luuca Bintaro Jaya Xchange Mall",
        "street": "Mall Bintaro Jaya Xchange, Jl. Boulevard Bintaro Jaya No.C2 Level 1 Unit 402C",
        "city": "Kota Tangerang Selatan",
        "state": "Banten"
    },
    {
        "title": "Luuca Sintang",
        "street": "Jl. Lintas Melawi",
        "city": "Kabupaten Sintang",
        "state": "Kalimantan Barat"
    },
    {
        "title": "Luca Ice Cream",
        "street": "W8XW+C63, Jl. Jenderal Ahmad Yani",
        "city": "Kota Pontianak",
        "state": "Kalimantan Barat"
    },
    {
        "title": "Luuca Ice Cream Sambas",
        "street": "Jl. Tabrani No.443",
        "city": "Kabupaten Sambas",
        "state": "Kalimantan Barat"
    },
    {
        "title": "LUUCA NGABANG",
        "street": "Dusun Jl. Raya Pulau Bendu No.39",
        "city": "Kabupaten Landak",
        "state": "Kalimantan Barat"
    },
    {
        "title": "Luuca Sungai Raya Dalam",
        "street": "Jl. Sungai Raya Dalam",
        "city": "Kabupaten Kubu Raya",
        "state": "Kalimantan Barat"
    },
    {
        "title": "LUUCA S.PARMAN",
        "street": "Komplek Ruko Villa Palma, Jl.Letjen Sparman No. A6",
        "city": "Kota Pontianak",
        "state": "Kalimantan Barat"
    },
    {
        "title": "LUUCA KETAPANG",
        "street": "4XWC+XPC, Jl. DR. Sutomo",
        "city": "Kabupaten Ketapang",
        "state": "Kalimantan Barat"
    },
    {
        "title": "Luuca Living World Alam Sutera",
        "street": "Jl. Alam Sutera Boulevard No.10",
        "city": "Kota Tangerang Selatan",
        "state": "Banten"
    },
    {
        "title": "Luuca Singkawang",
        "street": "Jl. Alianyang No.20a",
        "city": "Kota Singkawang",
        "state": "Kalimantan Barat"
    },
    {
        "title": "Luuca Ciputra World Surabaya",
        "street": "PP4C+V46",
        "city": "Surabaya",
        "state": "Jawa Timur"
    },
    {
        "title": "Luuca Central Park",
        "street": "Letjen S. Parman No.28, RT.12/RW.6",
        "city": "Kota Jakarta Barat",
        "state": "Daerah Khusus Ibukota Jakarta"
    },
    {
        "title": "Luuca Plaza Medan Fair",
        "street": "Plaza Medan Fair, lantai 3",
        "city": "Kota Medan",
        "state": "Sumatera Utara"
    },
    {
        "title": "Luuca Mall Centre Point",
        "street": "HMRJ+V29, Jl. Jawa",
        "city": "Kota Medan",
        "state": "Sumatera Utara"
    },
    {
        "title": "Luuca Grand Wisata Bekasi",
        "street": "Ruko New Westfield Blok ER 5 No.2, RT.002/RW.010",
        "city": "Kota Bks",
        "state": "Jawa Barat"
    },
    {
        "title": "Luuca Pakuwon Mall Bekasi",
        "street": "PXVQ+JWH, RT.001/RW.002",
        "city": "Kota Bks",
        "state": "Jawa Barat"
    },
    {
        "title": "Lumi Luca Indonesia",
        "street": "RT.4/RW.12",
        "city": "Kota Jakarta Timur",
        "state": "Daerah Khusus Ibukota Jakarta"
    },
    {
        "title": "Luuca Pakuwon Mall",
        "street": "PM6G+CXG, Jl. Mayjend. Jonosewojo",
        "city": "Surabaya",
        "state": "Jawa Timur"
    },
    {
        "title": "Luuca Citra Raya Tanggerang",
        "street": "Ruko Melia Street Market, Jl. Citra Raya Boulevard X No.5r",
        "city": "Kabupaten Tangerang",
        "state": "Banten"
    },
    {
        "title": "Luuca Cikupa",
        "street": "market, Blk. V, Rulo, Jl. Melia Utara Jl. Cikupa raya bouleverd No.X",
        "city": "Kabupaten Tangerang",
        "state": "Banten"
    },
    {
        "title": "Luuca Tangcity Mall",
        "street": "Jl. Jenderal Sudirman No.1, RT.001/RW.005",
        "city": "Kota Tangerang",
        "state": "Banten"
    },
    {
        "title": "Luuca Kalideres",
        "street": "Ruko daan tampak siring blok3a, RT.8/RW.12",
        "city": "Kota Jakarta Barat",
        "state": "Daerah Khusus Ibukota Jakarta"
    },
    {
        "title": "Luuca Pluit",
        "street": "Muara Karang.259, Blo A6U Kav. 22",
        "city": "Jkt Utara",
        "state": "Daerah Khusus Ibukota Jakarta"
    },
    {
        "title": "LUUCA BG junction",
        "street": "bg junction mall, Jl. Bubutan No.1-7 lt L2 foodcourt",
        "city": "Surabaya",
        "state": "Jawa Timur"
    },
    {
        "title": "Luuca Galaxy Mall Surabaya",
        "street": "Jl. Dr. Ir. H. Soekarno No.35",
        "city": "Surabaya",
        "state": "Jawa Timur"
    },
    {
        "title": "Luuca Royal Plaza",
        "street": "Jl. A Yani Frontage Barat No.16",
        "city": "Surabaya",
        "state": "Jawa Timur"
    },
    {
        "title": "Luuca Uptown Mall BSB City Semarang",
        "street": "X84G+426, Jl. Rm. Hadisoebeno Sosro Wardoyo",
        "city": "Kota Semarang",
        "state": "Jawa Tengah"
    },
    {
        "title": "Luuca Green Pramuka",
        "street": "Jl. Jenderal Ahmad Yani No.Kav .49",
        "city": "Kota Jakarta Pusat",
        "state": "Daerah Khusus Ibukota Jakarta"
    },
    {
        "title": "Luuca BENHIL",
        "street": "Jl. Bendungan Hilir No.13, RT.13/RW.6",
        "city": "Kota Jakarta Pusat",
        "state": "Daerah Khusus Ibukota Jakarta"
    },
    {
        "title": "Luuca Lippo Plaza Mall Sidoarjo",
        "street": "Jl. Jati Raya No.1",
        "city": "Kabupaten Sidoarjo",
        "state": "Jawa Timur"
    },
    {
        "title": "Luuca ice cream",
        "street": "Jl. Dharmahusada Indah Timur No.35-37",
        "city": "Surabaya",
        "state": "Jawa Timur"
    },
    {
        "title": "Luuca Batu Aji Batam",
        "street": "Sp plaza ruko baru , Jl. Letjen R. Suprapto Ruko SP3 Blok Mawar No. 22, kel. Langkai",
        "city": "Kota Batam",
        "state": "Kepulauan Riau"
    },
    {
        "title": "Luuca Seminyak Bali",
        "street": "Jl. Sunset Road",
        "city": "Kabupaten Badung",
        "state": "Bali"
    },
    {
        "title": "Luuca Pekanbaru",
        "street": "F97R+FHR, Jl. HR. Soebrantas",
        "city": "Kota Pekanbaru",
        "state": "Riau"
    },
    {
        "title": "Luuca Greenland Batam",
        "street": "42FW+VGR, Jl. Raja M Tahir",
        "city": "Kota Batam",
        "state": "Kepulauan Riau"
    },
    {
        "title": "Luuca Citra Garden 8",
        "street": "Jl. Sunset Avenue No.5",
        "city": "Kota Jakarta Barat",
        "state": "Daerah Khusus Ibukota Jakarta"
    },
    {
        "title": "Luuca Bahu Mall",
        "street": "Jl. Pertokoan Bahu Mall No.S-01",
        "city": "Kota Manado",
        "state": "Sulawesi Utara"
    },
    {
        "title": "Luluca_ca",
        "street": "696Q+JQR",
        "city": "Kota Yogyakarta",
        "state": "Daerah Istimewa Yogyakarta"
    },
    {
        "title": "Luuca Cirebon Super Block Mall",
        "street": "Super Blok, Jl. Cipto Mangunkusumo No.26 Lantai LG",
        "city": "Kota Cirebon",
        "state": "Jawa Barat"
    },
    {
        "title": "Luuca Solo Square Mall",
        "street": "Solo Square, Jl. Slamet Riyadi No.451-455",
        "city": "Kota Surakarta",
        "state": "Jawa Tengah"
    },
    {
        "title": "Luuca Gatsu",
        "street": "Jl. Gatot Subroto No.42",
        "city": "Kota Surakarta",
        "state": "Jawa Tengah"
    },
    {
        "title": "Luuca Duta Mall Banjarmasin",
        "street": "MJG3+QG2, Hotel Mercure, Gadang",
        "city": "Kota Banjarmasin",
        "state": "Kalimantan Selatan"
    },
    {
        "title": "Luuca Epicentrum Mall Lombok",
        "street": "Jl. Sriwijaya No.333",
        "city": "Kota Mataram",
        "state": "Nusa Tenggara Bar."
    },
    {
        "title": "Luuca Pangandaran",
        "street": "Jl. Kidang Pananjung No.181",
        "city": "Kab. Pangandaran",
        "state": "Jawa Barat"
    },
    {
        "title": "LUUCA SINGKAWANG GRAND MALL",
        "street": "VXX9+9V",
        "city": "Kota Singkawang",
        "state": "Kalimantan Barat"
    },
    {
        "title": "Luuca Pangkal Pinang",
        "street": "Jl. Jendral Sudirman No.54",
        "city": "Kota Pangkal Pinang",
        "state": "Kepulauan Bangka Belitung"
    },
    {
        "title": "Luuca Sumedang",
        "street": "5W5G+M7P, Gg. Ita",
        "city": "Kabupaten Sumedang",
        "state": "Jawa Barat"
    },
    {
        "title": "Luuca Salatiga",
        "street": "MG94+3GW, Jl. Kalibodri",
        "city": "Kota Salatiga",
        "state": "Jawa Tengah"
    },
    {
        "title": "Luuca Ramayana Garut",
        "street": "Kp. Awilega, rt01/rw04Kabupaten",
        "city": "Kabupaten Garut",
        "state": "Jawa Barat"
    },
    {
        "title": "Luuca Shila Sawangan Depok",
        "street": "HPXW+GP",
        "city": "Kota Depok",
        "state": "Jawa Barat"
    }
]